﻿{"cameraMode":{"drawMode":0,"name":"Shaded","section":"Shading Mode"},"sceneLighting":true,"audioPlay":false,"sceneViewState":{"showFog":true,"showMaterialUpdate":true,"showSkybox":true,"showFlares":true,"showImageEffects":true,"showParticleSystems":true},"in2DMode":false,"pivot":{"x":225.12911987304688,"y":-127.50392150878906,"z":291.1278381347656},"rotation":{"x":-0.17602549493312837,"y":-0.327532023191452,"z":0.06224145367741585,"w":-0.9262093901634216},"size":367.4254150390625,"orthographic":false}